metric,area,comp,suff
mae,0.05,5.884183,5.852972
mae,0.1,6.520442,6.031987
mse,0.05,4.592475,4.000616
mse,0.1,5.451072,4.159736
