metric,area,comp,suff
mae,0.05,6.876096,7.434931
mae,0.1,11.43712,2.140813
mse,0.05,19.174397,30.367407
mse,0.1,40.738695,15.504909
