metric,area,comp,suff
mae,0.05,3.424562,5.270831
mae,0.1,4.284983,4.459628
mse,0.05,2.181321,4.80631
mse,0.1,3.107816,3.799379
