metric,area,comp,suff
mae,0.05,3.673617,8.110779
mae,0.1,4.68408,7.801796
mse,0.05,6.512059,8.557594
mse,0.1,8.799584,7.613676
