metric,area,comp,suff
mae,0.05,5.139795,8.769435
mae,0.1,6.293631,9.037736
mse,0.05,8.094926,9.394022
mse,0.1,10.988059,9.468373
