metric,area,comp,suff
mae,0.05,4.52889,9.405103
mae,0.1,5.386817,9.590569
mse,0.05,7.4089,10.496493
mse,0.1,9.892543,10.423844
