metric,area,comp,suff
mae,0.05,4.483121,9.436313
mae,0.1,5.333766,9.628387
mse,0.05,7.388331,10.573839
mse,0.1,9.88539,10.488739
