metric,area,comp,suff
mae,0.05,6.033026,7.665314
mae,0.1,7.308605,7.526946
mse,0.05,40.503212,13.604001
mse,0.1,52.1659,10.589985
