metric,area,comp,suff
mae,0.05,3.519267,8.146303
mae,0.1,4.478427,7.851969
mse,0.05,6.075616,8.735586
mse,0.1,8.076485,7.832357
