metric,area,comp,suff
mae,0.05,4.537304,7.387748
mae,0.1,5.709156,7.023072
mse,0.05,38.771425,13.431376
mse,0.1,49.721444,9.848496
