metric,area,comp,suff
mae,0.05,4.242687,8.154565
mae,0.1,5.319849,7.927492
mse,0.05,7.005538,8.634224
mse,0.1,9.324691,7.904991
