metric,area,comp,suff
mae,0.05,4.94979,9.10388
mae,0.1,6.096399,9.395952
mse,0.05,7.653187,10.116354
mse,0.1,10.517971,10.252586
