metric,area,comp,suff
mae,0.05,3.068048,8.789881
mae,0.1,3.305964,8.526693
mse,0.05,4.022592,11.156584
mse,0.1,4.630088,10.1391
