metric,area,comp,suff
mae,0.05,4.857988,6.838216
mae,0.1,7.608416,4.862008
mse,0.05,5.597511,7.807242
mse,0.1,13.182068,3.119166
