metric,area,comp,suff
mae,0.05,4.46797,9.390641
mae,0.1,5.313513,9.583538
mse,0.05,7.21825,10.435208
mse,0.1,9.659537,10.37007
