metrics,values
mae,0.12045454545454545
rmse,0.17394160462115388
ndcg,0.9787735610485091
normalized_mae,0.02575056685667978
normalized_rmse,0.0342550739384425
normalized_ndcg,0.9689122786634907
